{
  "best_rule": {
    "bm": 0.0,
    "bv": 0.9,
    "am": 1.0,
    "av": 1.0,
    "a1": 1.0,
    "a2": 0.5,
    "p": 0.0,
    "eta": 0.002,
    "eps": 1e-06
  },
  "pretty": "m_t = 0.0*m + 1.0*g^1.0; v_t = 0.9*v + 0.09999999999999998*(g^2)^1.0; \u0394\u03b8 = 0.002 * (1.0*g + 0.5*m_t) / (sqrt(v_t)+1e-06)^0.0",
  "train_loss": 37.80834327684908,
  "test_loss": 7.83084202819945,
  "elapsed_sec": 31.587477922439575
}